update,mean_reward,std_reward,nz_frac,approx_kl,entropy_mean,policy_loss,value_loss,num_batches,rollout_steps,decision_steps,grad_norm,early_stop,last20_reward,best_reward,best_update,mask_mean,atype_dist,reward_comp
1,0.160948,0.283386,0.992188,0.047498,0.160675,-0.124130,2.905506,1,256,20,0.258995,1,0.160948,0.160948,1,0.086589,"{2: 4, 0: 243, 1: 3, 5: 4, 3: 1, 9: 1}","{'asset_gained': 34.375, 'asset_reward': 0.034374999999999996, 'production_start_reward': 0.015625, 'production_active_reward': 0.00462890625, 'production_cancel_penalty': 0.0019101562500000002, 'idle_cash_penalty': 0.0, 'power_deficit_penalty': 0.0, 'total': 0.16094791666666666, 'seeded_bootstrap': 1.0, 'kill_gained': 0.0, 'kill_reward': 0.0, 'goal_aligned': 0.1090813648293963, 'goal_building_progress': 0.5400262467191601, 'goal_unit_progress': 0.05380577427821522}"
2,0.117755,0.324540,0.992188,0.042845,0.083365,-0.108739,1.515111,1,256,11,0.206333,1,0.139351,0.160948,1,0.072266,"{0: 247, 2: 6, 1: 3}","{'asset_gained': 42.578125, 'asset_reward': 0.042578124999999994, 'production_start_reward': 0.013671875, 'production_active_reward': 0.0046875, 'production_cancel_penalty': 0.0019101562500000002, 'idle_cash_penalty': 0.0, 'power_deficit_penalty': 0.0, 'kill_gained': 0.0, 'kill_reward': 0.0, 'goal_aligned': 0.05918963254593177, 'goal_building_progress': 0.49196194225721784, 'goal_unit_progress': 0.023622047244094488, 'total': 0.11775455729166666, 'seeded_bootstrap': 1.0}"
3,0.099337,0.321302,0.992188,0.013026,0.077183,-0.294630,0.796627,4,256,10,0.835614,0,0.126013,0.160948,1,0.070530,"{0: 247, 2: 2, 1: 3, 5: 1, 3: 2, 10: 1}","{'asset_gained': 41.796875, 'asset_reward': 0.041796875, 'production_start_reward': 0.013671875, 'production_active_reward': 0.00490234375, 'production_cancel_penalty': 0.00153515625, 'idle_cash_penalty': 0.0, 'power_deficit_penalty': 0.0, 'kill_gained': 0.0, 'kill_reward': 0.0, 'goal_aligned': 0.04082020997375329, 'goal_building_progress': 0.42913385826771655, 'goal_unit_progress': 0.028215223097112857, 'total': 0.09933723958333332, 'seeded_bootstrap': 1.0}"
4,0.112694,0.252868,0.996094,0.401657,0.587536,0.086778,1.452520,1,256,75,0.111292,1,0.122683,0.160948,1,0.172960,"{0: 189, 3: 3, 10: 1, 9: 1, 11: 8, 5: 52, 1: 1, 2: 1}","{'asset_gained': 30.6640625, 'asset_reward': 0.0306640625, 'production_start_reward': 0.029296875, 'production_active_reward': 0.005136718750000001, 'production_cancel_penalty': 0.00530078125, 'idle_cash_penalty': 0.0, 'power_deficit_penalty': 0.0, 'kill_gained': 0.0, 'kill_reward': 0.0, 'goal_aligned': 0.0531045751633987, 'goal_building_progress': 0.4715686274509804, 'goal_unit_progress': 0.05947712418300653, 'total': 0.11269401041666664, 'seeded_bootstrap': 1.0}"
5,0.087529,0.284060,0.992188,0.025688,0.138806,-0.296300,0.426985,4,256,19,0.161614,0,0.115653,0.160948,1,0.083333,"{0: 243, 3: 1, 9: 1, 5: 4, 1: 3, 2: 4}","{'asset_gained': 34.375, 'asset_reward': 0.034374999999999996, 'production_start_reward': 0.015625, 'production_active_reward': 0.004667968749999999, 'production_cancel_penalty': 0.0019140625000000002, 'idle_cash_penalty': 0.0, 'power_deficit_penalty': 0.0, 'kill_gained': 0.0, 'kill_reward': 0.0, 'goal_aligned': 0.03504921259842521, 'goal_building_progress': 0.38031496062992126, 'goal_unit_progress': 0.020177165354330708, 'total': 0.08752929687500001, 'seeded_bootstrap': 1.0}"
6,0.099627,0.294033,0.992188,0.247397,0.425354,0.334951,0.731083,1,256,57,0.138979,1,0.112982,0.160948,1,0.142795,"{0: 208, 3: 3, 5: 33, 1: 3, 9: 1, 11: 7, 2: 1}","{'asset_gained': 39.84375, 'asset_reward': 0.03984375, 'production_start_reward': 0.029296875, 'production_active_reward': 0.0050195312500000006, 'production_cancel_penalty': 0.0049140625, 'idle_cash_penalty': 0.0, 'power_deficit_penalty': 0.0, 'kill_gained': 0.0, 'kill_reward': 0.0, 'goal_aligned': 0.030620078740157486, 'goal_building_progress': 0.45029527559055116, 'goal_unit_progress': 0.013779527559055118, 'total': 0.099626953125, 'seeded_bootstrap': 1.0}"
7,0.110139,0.292597,0.996094,0.041989,0.133177,0.153490,1.280034,1,256,20,0.230721,1,0.112576,0.160948,1,0.077691,"{0: 241, 3: 3, 10: 3, 1: 2, 5: 1, 2: 1, 11: 5}","{'asset_gained': 38.28125, 'asset_reward': 0.03828125, 'production_start_reward': 0.025390625, 'production_active_reward': 0.006328124999999999, 'production_cancel_penalty': 0.00416796875, 'idle_cash_penalty': 0.0, 'power_deficit_penalty': 0.0, 'kill_gained': 0.0, 'kill_reward': 0.0, 'goal_aligned': 0.044480392156862746, 'goal_building_progress': 0.4443137254901961, 'goal_unit_progress': 0.0004901960784313725, 'total': 0.11013867187500001, 'seeded_bootstrap': 1.0}"
8,0.090382,0.283311,0.992188,0.039861,0.079795,-0.464805,0.580903,1,256,12,0.232830,1,0.109801,0.160948,1,0.072917,"{5: 4, 0: 245, 11: 1, 1: 3, 2: 3}","{'asset_gained': 33.3984375, 'asset_reward': 0.033398437499999996, 'production_start_reward': 0.015485677083333333, 'production_active_reward': 0.00486328125, 'production_cancel_penalty': 0.0018906250000000002, 'idle_cash_penalty': 0.0, 'power_deficit_penalty': 0.0, 'kill_gained': 0.0, 'kill_reward': 0.0, 'goal_aligned': 0.03882874015748032, 'goal_building_progress': 0.43769685039370076, 'goal_unit_progress': 0.003937007874015748, 'total': 0.09038216145833333, 'seeded_bootstrap': 1.0}"
9,0.152303,0.325307,0.992188,0.032328,0.116560,0.389364,2.019146,1,256,16,0.451077,1,0.114524,0.160948,1,0.078776,"{0: 245, 3: 2, 5: 2, 10: 1, 1: 4, 2: 2}","{'asset_gained': 44.140625, 'asset_reward': 0.044140625, 'production_start_reward': 0.017578125, 'production_active_reward': 0.0047460937499999994, 'production_cancel_penalty': 0.00229296875, 'idle_cash_penalty': 0.0, 'power_deficit_penalty': 0.0, 'kill_gained': 0.0, 'kill_reward': 0.0, 'goal_aligned': 0.0888254593175853, 'goal_building_progress': 0.5176509186351707, 'goal_unit_progress': 0.055118110236220465, 'total': 0.15230338541666666, 'seeded_bootstrap': 1.0}"
10,0.125455,0.330684,0.992188,0.060286,0.129518,-0.196002,1.308583,1,256,22,0.243207,1,0.115617,0.160948,1,0.079210,"{0: 237, 2: 3, 9: 1, 11: 9, 5: 3, 1: 3}","{'asset_gained': 46.875, 'asset_reward': 0.046875, 'production_start_reward': 0.03117578125, 'production_active_reward': 0.0063281249999999995, 'production_cancel_penalty': 0.00487109375, 'idle_cash_penalty': 0.0, 'power_deficit_penalty': 0.0, 'kill_gained': 0.0, 'kill_reward': 0.0, 'goal_aligned': 0.04630905511811023, 'goal_building_progress': 0.45029527559055127, 'goal_unit_progress': 0.012795275590551181, 'total': 0.125455078125, 'seeded_bootstrap': 1.0}"
11,0.097102,0.254400,0.996094,0.144526,0.297822,-0.259119,0.995342,1,256,44,0.146855,1,0.113934,0.160948,1,0.111328,"{0: 225, 1: 2, 3: 3, 9: 1, 11: 7, 5: 15, 2: 3}","{'asset_gained': 30.078125, 'asset_reward': 0.030078125, 'production_start_reward': 0.029296875, 'production_active_reward': 0.0053906250000000005, 'production_cancel_penalty': 0.00475390625, 'idle_cash_penalty': 0.0, 'power_deficit_penalty': 0.0, 'kill_gained': 0.0, 'kill_reward': 0.0, 'goal_aligned': 0.03723529411764706, 'goal_building_progress': 0.42578431372549014, 'goal_unit_progress': 0.009901960784313725, 'total': 0.0971015625, 'seeded_bootstrap': 1.0}"
12,0.112000,0.249470,0.992188,0.039016,0.124308,-0.252709,1.086931,1,256,18,0.153900,1,0.113773,0.160948,1,0.077474,"{0: 242, 1: 4, 3: 1, 2: 2, 10: 1, 11: 6}","{'asset_gained': 29.8828125, 'asset_reward': 0.029882812499999998, 'production_start_reward': 0.02734375, 'production_active_reward': 0.0059960937500000006, 'production_cancel_penalty': 0.0041328125, 'idle_cash_penalty': 0.0, 'power_deficit_penalty': 0.0, 'kill_gained': 0.0, 'kill_reward': 0.0, 'goal_aligned': 0.05332677165354331, 'goal_building_progress': 0.4927165354330708, 'goal_unit_progress': 0.05839895013123359, 'total': 0.11199999999999999, 'seeded_bootstrap': 1.0}"
13,0.148718,0.322541,0.992188,0.013107,0.088500,-0.198879,1.644564,4,256,11,1.170184,0,0.116461,0.160948,1,0.072266,"{0: 248, 2: 2, 1: 4, 3: 1, 5: 1}","{'asset_gained': 42.578125, 'asset_reward': 0.042578124999999994, 'production_start_reward': 0.013671875, 'production_active_reward': 0.0046875, 'production_cancel_penalty': 0.0019101562500000002, 'idle_cash_penalty': 0.0, 'power_deficit_penalty': 0.0, 'kill_gained': 0.0, 'kill_reward': 0.0, 'goal_aligned': 0.09039698162729659, 'goal_building_progress': 0.5213910761154854, 'goal_unit_progress': 0.040190288713910755, 'total': 0.14871809895833335, 'seeded_bootstrap': 1.0}"
14,0.118482,0.281872,0.996094,0.010997,0.064972,-0.161017,1.017321,4,256,8,0.118818,0,0.116605,0.160948,1,0.067708,"{0: 250, 2: 4, 1: 1, 3: 1}","{'asset_gained': 31.640625, 'asset_reward': 0.031640625, 'production_start_reward': 0.009765625, 'production_active_reward': 0.004765625, 'production_cancel_penalty': 0.00153125, 'idle_cash_penalty': 0.0, 'power_deficit_penalty': 0.0, 'kill_gained': 0.0, 'kill_reward': 0.0, 'goal_aligned': 0.07413071895424836, 'goal_building_progress': 0.45908496732026133, 'goal_unit_progress': 0.045098039215686274, 'total': 0.11848177083333333, 'seeded_bootstrap': 1.0}"
15,0.085594,0.284034,0.992188,0.026739,0.135794,-0.146787,0.772326,4,256,17,0.519912,0,0.114538,0.160948,1,0.082682,"{0: 245, 10: 1, 2: 5, 1: 2, 5: 3}","{'asset_gained': 33.203125, 'asset_reward': 0.033203125, 'production_start_reward': 0.013671875, 'production_active_reward': 0.004765625, 'production_cancel_penalty': 0.00153125, 'idle_cash_penalty': 0.0, 'power_deficit_penalty': 0.0, 'kill_gained': 0.0, 'kill_reward': 0.0, 'goal_aligned': 0.03576443569553806, 'goal_building_progress': 0.36807742782152236, 'goal_unit_progress': 0.045931758530183726, 'total': 0.08559440104166668, 'seeded_bootstrap': 1.0}"
16,0.095855,0.324224,0.992188,0.027654,0.095541,0.068775,0.874285,4,256,13,2.450934,0,0.113370,0.160948,1,0.075087,"{0: 245, 3: 1, 9: 1, 1: 3, 10: 1, 2: 3, 5: 2}","{'asset_gained': 43.359375, 'asset_reward': 0.043359375, 'production_start_reward': 0.017578125, 'production_active_reward': 0.0048046875, 'production_cancel_penalty': 0.0022734375000000003, 'idle_cash_penalty': 0.0, 'power_deficit_penalty': 0.0, 'kill_gained': 0.0, 'kill_reward': 0.0, 'goal_aligned': 0.03264107611548557, 'goal_building_progress': 0.381496062992126, 'goal_unit_progress': 0.04858923884514435, 'total': 0.09585481770833333, 'seeded_bootstrap': 1.0}"
17,0.121301,0.293780,0.992188,0.054804,0.166317,-0.129274,1.304065,1,256,23,0.224064,1,0.113837,0.160948,1,0.086589,"{0: 237, 2: 2, 1: 3, 5: 5, 3: 4, 10: 5}","{'asset_gained': 41.015625, 'asset_reward': 0.041015625, 'production_start_reward': 0.0234375, 'production_active_reward': 0.005859375, 'production_cancel_penalty': 0.0037929687500000003, 'idle_cash_penalty': 0.0, 'power_deficit_penalty': 0.0, 'kill_gained': 0.0, 'kill_reward': 0.0, 'goal_aligned': 0.05521325459317585, 'goal_building_progress': 0.5130905511811024, 'goal_unit_progress': 0.09776902887139108, 'total': 0.12130143229166665, 'seeded_bootstrap': 1.0}"
18,0.079686,0.279032,0.996094,0.008322,0.060723,-0.483931,0.446213,4,256,8,0.047979,0,0.111939,0.160948,1,0.067708,"{5: 1, 1: 2, 0: 249, 2: 4}","{'asset_gained': 31.640625, 'asset_reward': 0.031640625, 'production_start_reward': 0.009765625, 'production_active_reward': 0.004765625, 'production_cancel_penalty': 0.00153515625, 'idle_cash_penalty': 0.0, 'power_deficit_penalty': 0.0, 'kill_gained': 0.0, 'kill_reward': 0.0, 'goal_aligned': 0.035186274509803925, 'goal_building_progress': 0.33127450980392154, 'goal_unit_progress': 0.020588235294117647, 'total': 0.079685546875, 'seeded_bootstrap': 1.0}"
19,0.100280,0.282228,0.992188,0.017441,0.094992,-0.389242,1.108303,4,256,12,0.089537,0,0.111326,0.160948,1,0.073785,"{0: 248, 5: 2, 1: 3, 2: 2, 3: 1}","{'asset_gained': 32.8125, 'asset_reward': 0.032812499999999994, 'production_start_reward': 0.013671875, 'production_active_reward': 0.00470703125, 'production_cancel_penalty': 0.0015234375, 'idle_cash_penalty': 0.0, 'power_deficit_penalty': 0.0, 'kill_gained': 0.0, 'kill_reward': 0.0, 'goal_aligned': 0.051010498687664045, 'goal_building_progress': 0.48884514435695536, 'goal_unit_progress': 0.014435695538057743, 'total': 0.10027994791666667, 'seeded_bootstrap': 1.0}"
20,0.124559,0.320952,0.992188,0.014586,0.072165,-0.366159,1.141894,4,256,9,0.313342,0,0.111987,0.160948,1,0.069227,"{0: 249, 5: 2, 2: 2, 1: 3}","{'asset_gained': 41.40625, 'asset_reward': 0.04140625, 'production_start_reward': 0.01171875, 'production_active_reward': 0.0047460937499999994, 'production_cancel_penalty': 0.00153125, 'idle_cash_penalty': 0.0, 'power_deficit_penalty': 0.0, 'kill_gained': 0.0, 'kill_reward': 0.0, 'goal_aligned': 0.06875656167979002, 'goal_building_progress': 0.4425196850393701, 'goal_unit_progress': 0.067749343832021, 'total': 0.12455924479166666, 'seeded_bootstrap': 1.0}"
21,0.127738,0.285711,0.996094,0.011847,0.089351,-0.181272,1.142025,4,256,11,0.079912,0,0.110327,0.160948,1,0.072266,"{0: 248, 5: 3, 1: 2, 2: 2, 3: 1}","{'asset_gained': 32.8125, 'asset_reward': 0.032812499999999994, 'production_start_reward': 0.01171875, 'production_active_reward': 0.0046875, 'production_cancel_penalty': 0.0019140625000000002, 'idle_cash_penalty': 0.0, 'power_deficit_penalty': 0.0, 'kill_gained': 0.0, 'kill_reward': 0.0, 'goal_aligned': 0.08074836601307188, 'goal_building_progress': 0.5207516339869281, 'goal_unit_progress': 0.039215686274509796, 'total': 0.12773763020833334, 'seeded_bootstrap': 1.0}"
22,0.162408,0.282974,0.992188,0.024990,0.099983,-0.444288,1.865144,4,256,13,0.159980,0,0.112559,0.162408,22,0.075304,"{0: 244, 1: 5, 5: 4, 2: 3}","{'asset_gained': 33.984375, 'asset_reward': 0.033984375, 'production_start_reward': 0.013671875, 'production_active_reward': 0.0046484375, 'production_cancel_penalty': 0.0019023437500000002, 'idle_cash_penalty': 0.0, 'power_deficit_penalty': 0.0, 'kill_gained': 0.0, 'kill_reward': 0.0, 'goal_aligned': 0.11288713910761154, 'goal_building_progress': 0.5839895013123358, 'goal_unit_progress': 0.04068241469816272, 'total': 0.16240755208333335, 'seeded_bootstrap': 1.0}"
23,0.130821,0.323252,0.992188,0.028716,0.073915,-0.227440,1.663314,4,256,10,0.702291,0,0.114134,0.162408,22,0.070747,"{0: 247, 3: 2, 2: 4, 1: 3}","{'asset_gained': 42.578125, 'asset_reward': 0.042578124999999994, 'production_start_reward': 0.013671875, 'production_active_reward': 0.00470703125, 'production_cancel_penalty': 0.0019101562500000002, 'idle_cash_penalty': 0.0, 'power_deficit_penalty': 0.0, 'kill_gained': 0.0, 'kill_reward': 0.0, 'goal_aligned': 0.07233923884514436, 'goal_building_progress': 0.5237860892388451, 'goal_unit_progress': 0.03018372703412073, 'total': 0.13082096354166667, 'seeded_bootstrap': 1.0}"
24,0.098043,0.283452,0.996094,0.011845,0.091341,0.690307,0.772253,4,256,13,0.724274,0,0.113401,0.162408,22,0.071615,"{0: 247, 3: 1, 5: 2, 10: 1, 1: 3, 2: 2}","{'asset_gained': 33.203125, 'asset_reward': 0.033203125, 'production_start_reward': 0.013671875, 'production_active_reward': 0.004843749999999999, 'production_cancel_penalty': 0.0019179687500000002, 'idle_cash_penalty': 0.0, 'power_deficit_penalty': 0.0, 'kill_gained': 0.0, 'kill_reward': 0.0, 'goal_aligned': 0.048431372549019615, 'goal_building_progress': 0.4843137254901961, 'goal_unit_progress': 0.0, 'total': 0.09804296875000001, 'seeded_bootstrap': 1.0}"
25,0.077378,0.282320,0.992188,0.051290,0.118031,-0.018744,1.537969,1,256,16,0.211500,1,0.112893,0.162408,22,0.080512,"{0: 244, 2: 4, 1: 2, 5: 3, 3: 2, 10: 1}","{'asset_gained': 33.203125, 'asset_reward': 0.033203125, 'production_start_reward': 0.013671875, 'production_active_reward': 0.0047460937499999994, 'production_cancel_penalty': 0.00153515625, 'idle_cash_penalty': 0.0, 'power_deficit_penalty': 0.0, 'kill_gained': 0.0, 'kill_reward': 0.0, 'goal_aligned': 0.027506561679790025, 'goal_building_progress': 0.3838582677165354, 'goal_unit_progress': 0.02690288713910761, 'total': 0.07737760416666666, 'seeded_bootstrap': 1.0}"
26,0.141824,0.326924,0.992188,0.028876,0.104071,0.087760,1.812007,4,256,14,0.369265,1,0.115003,0.162408,22,0.076606,"{0: 242, 2: 3, 5: 3, 1: 4, 3: 2, 9: 1, 10: 1}","{'asset_gained': 44.53125, 'asset_reward': 0.044531249999999994, 'production_start_reward': 0.01953125, 'production_active_reward': 0.004765625000000001, 'production_cancel_penalty': 0.0026484374999999998, 'idle_cash_penalty': 0.0, 'power_deficit_penalty': 0.0, 'kill_gained': 0.0, 'kill_reward': 0.0, 'goal_aligned': 0.07624015748031496, 'goal_building_progress': 0.478018372703412, 'goal_unit_progress': 0.0800524934383202, 'total': 0.14182421875, 'seeded_bootstrap': 1.0}"
27,0.096770,0.286848,0.992188,0.021837,0.127794,-0.326750,0.952954,4,256,20,0.262732,0,0.114335,0.162408,22,0.078776,"{0: 242, 3: 1, 2: 5, 10: 1, 9: 1, 11: 3, 5: 1, 1: 2}","{'asset_gained': 35.9375, 'asset_reward': 0.0359375, 'production_start_reward': 0.021484375, 'production_active_reward': 0.005585937500000001, 'production_cancel_penalty': 0.003015625, 'idle_cash_penalty': 0.0, 'power_deficit_penalty': 0.0, 'kill_gained': 0.0, 'kill_reward': 0.0, 'goal_aligned': 0.03706692913385827, 'goal_building_progress': 0.4446850393700788, 'goal_unit_progress': 0.0, 'total': 0.09676953125, 'seeded_bootstrap': 1.0}"
28,0.100393,0.252502,0.996094,0.055837,0.180155,-0.399719,0.592467,1,256,25,0.093209,1,0.114835,0.162408,22,0.091363,"{0: 235, 5: 7, 1: 3, 3: 4, 9: 2, 11: 4, 2: 1}","{'asset_gained': 30.46875, 'asset_reward': 0.030468749999999996, 'production_start_reward': 0.02734375, 'production_active_reward': 0.0053124999999999995, 'production_cancel_penalty': 0.00483203125, 'idle_cash_penalty': 0.0, 'power_deficit_penalty': 0.0, 'kill_gained': 0.0, 'kill_reward': 0.0, 'goal_aligned': 0.042264705882352954, 'goal_building_progress': 0.414313725490196, 'goal_unit_progress': 0.008333333333333333, 'total': 0.100392578125, 'seeded_bootstrap': 1.0}"
29,0.093197,0.283830,0.992188,0.036207,0.120548,0.049129,0.871271,1,256,17,0.085083,1,0.111880,0.162408,22,0.078559,"{0: 247, 2: 2, 9: 1, 1: 3, 5: 2, 3: 1}","{'asset_gained': 34.375, 'asset_reward': 0.034375, 'production_start_reward': 0.015625, 'production_active_reward': 0.0047265625, 'production_cancel_penalty': 0.0019101562500000002, 'idle_cash_penalty': 0.0, 'power_deficit_penalty': 0.0, 'kill_gained': 0.0, 'kill_reward': 0.0, 'goal_aligned': 0.0406988188976378, 'goal_building_progress': 0.38582677165354323, 'goal_unit_progress': 0.021161417322834646, 'total': 0.09319726562500001, 'seeded_bootstrap': 1.0}"
30,0.159309,0.291322,0.992188,0.161711,0.096464,-0.257120,1.441172,1,256,18,0.163077,1,0.113573,0.162408,22,0.078125,"{0: 239, 5: 2, 3: 1, 9: 1, 10: 1, 11: 5, 2: 5, 1: 2}","{'asset_gained': 38.671875, 'asset_reward': 0.038671874999999994, 'production_start_reward': 0.02734375, 'production_active_reward': 0.0059570312500000005, 'production_cancel_penalty': 0.0041640625, 'idle_cash_penalty': 0.0, 'power_deficit_penalty': 0.0, 'kill_gained': 0.0, 'kill_reward': 0.0, 'goal_aligned': 0.09222112860892388, 'goal_building_progress': 0.5638123359580052, 'goal_unit_progress': 0.09514435695538057, 'total': 0.1593092447916667, 'seeded_bootstrap': 1.0}"
31,0.117301,0.279702,0.996094,0.017478,0.068439,-0.636728,0.923419,4,256,10,0.216697,0,0.114583,0.162408,22,0.070747,"{0: 248, 5: 5, 2: 2, 1: 1}","{'asset_gained': 30.46875, 'asset_reward': 0.03046875, 'production_start_reward': 0.0078125, 'production_active_reward': 0.0047460937499999994, 'production_cancel_penalty': 0.0011562500000000002, 'idle_cash_penalty': 0.0, 'power_deficit_penalty': 0.0, 'kill_gained': 0.0, 'kill_reward': 0.0, 'goal_aligned': 0.07572549019607842, 'goal_building_progress': 0.48431372549019597, 'goal_unit_progress': 0.031372549019607836, 'total': 0.11730078125, 'seeded_bootstrap': 1.0}"
32,0.173117,0.252719,0.992188,0.076954,0.164670,-0.206157,1.751369,1,256,24,0.298274,1,0.117639,0.173117,32,0.088108,"{0: 237, 1: 3, 3: 4, 5: 4, 10: 1, 11: 6, 2: 1}","{'asset_gained': 32.421875, 'asset_reward': 0.032421875, 'production_start_reward': 0.029296875, 'production_active_reward': 0.00578125, 'production_cancel_penalty': 0.0047734375, 'idle_cash_penalty': 0.0, 'power_deficit_penalty': 0.0, 'kill_gained': 0.0, 'kill_reward': 0.0, 'goal_aligned': 0.11125984251968503, 'goal_building_progress': 0.5544619422572178, 'goal_unit_progress': 0.018372703412073487, 'total': 0.17311718750000005, 'seeded_bootstrap': 1.0}"
33,0.117117,0.329566,0.992188,0.043617,0.124207,0.093201,1.208295,1,256,18,0.361930,1,0.116059,0.173117,32,0.081597,"{0: 242, 3: 3, 10: 2, 1: 4, 2: 2, 5: 3}","{'asset_gained': 44.53125, 'asset_reward': 0.044531249999999994, 'production_start_reward': 0.01953125, 'production_active_reward': 0.0049023437500000005, 'production_cancel_penalty': 0.0023007812500000003, 'idle_cash_penalty': 0.0, 'power_deficit_penalty': 0.0, 'kill_gained': 0.0, 'kill_reward': 0.0, 'goal_aligned': 0.050849737532808394, 'goal_building_progress': 0.4325787401574803, 'goal_unit_progress': 0.08333333333333333, 'total': 0.11711653645833332, 'seeded_bootstrap': 1.0}"
34,0.103323,0.326352,0.992188,0.042247,0.115565,0.305805,0.875287,1,256,16,1.429815,1,0.115301,0.173117,32,0.080078,"{0: 243, 3: 4, 10: 2, 1: 3, 5: 1, 2: 3}","{'asset_gained': 43.359375, 'asset_reward': 0.043359375, 'production_start_reward': 0.017578125, 'production_active_reward': 0.0047851562499999995, 'production_cancel_penalty': 0.0019179687500000002, 'idle_cash_penalty': 0.0, 'power_deficit_penalty': 0.0, 'kill_gained': 0.0, 'kill_reward': 0.0, 'goal_aligned': 0.03982939632545932, 'goal_building_progress': 0.4271653543307087, 'goal_unit_progress': 0.024934383202099737, 'total': 0.10332291666666665, 'seeded_bootstrap': 1.0}"
35,0.131536,0.250693,0.996094,0.039411,0.117349,-0.107495,0.935879,1,256,17,0.372149,1,0.117598,0.173117,32,0.076823,"{0: 243, 2: 2, 5: 2, 1: 2, 3: 2, 10: 1, 11: 4}","{'asset_gained': 29.1015625, 'asset_reward': 0.0291015625, 'production_start_reward': 0.021484375, 'production_active_reward': 0.0055859375, 'production_cancel_penalty': 0.0037890625, 'idle_cash_penalty': 0.0, 'power_deficit_penalty': 0.0, 'kill_gained': 0.0, 'kill_reward': 0.0, 'goal_aligned': 0.0794640522875817, 'goal_building_progress': 0.48013071895424836, 'goal_unit_progress': 0.05620915032679738, 'total': 0.13153645833333333, 'seeded_bootstrap': 1.0}"
36,0.103924,0.289137,0.992188,0.093092,0.095022,-0.363381,0.741027,1,256,15,0.767469,1,0.118001,0.173117,32,0.074870,"{5: 3, 2: 2, 0: 241, 11: 4, 1: 5, 3: 1}","{'asset_gained': 36.328125, 'asset_reward': 0.036328124999999996, 'production_start_reward': 0.0234375, 'production_active_reward': 0.0053515625, 'production_cancel_penalty': 0.0032929687500000003, 'idle_cash_penalty': 0.0, 'power_deficit_penalty': 0.0, 'kill_gained': 0.0, 'kill_reward': 0.0, 'goal_aligned': 0.04243110236220474, 'goal_building_progress': 0.41299212598425206, 'goal_unit_progress': 0.011318897637795276, 'total': 0.103923828125, 'seeded_bootstrap': 1.0}"
37,0.124438,0.297709,0.992188,0.104204,0.181204,-0.071297,1.045274,1,256,27,0.490104,1,0.118158,0.173117,32,0.092665,"{0: 232, 10: 1, 3: 3, 11: 7, 5: 9, 1: 3, 2: 1}","{'asset_gained': 41.015625, 'asset_reward': 0.041015625, 'production_start_reward': 0.029296875, 'production_active_reward': 0.00580078125, 'production_cancel_penalty': 0.00495703125, 'idle_cash_penalty': 0.0, 'power_deficit_penalty': 0.0, 'kill_gained': 0.0, 'kill_reward': 0.0, 'goal_aligned': 0.05370078740157481, 'goal_building_progress': 0.4520341207349081, 'goal_unit_progress': 0.056758530183727035, 'total': 0.12443750000000002, 'seeded_bootstrap': 1.0}"
38,0.169652,0.224970,0.996094,0.092130,0.283170,0.400085,1.677272,1,256,41,3.060140,1,0.122656,0.173117,32,0.104818,"{0: 221, 5: 9, 1: 3, 3: 6, 10: 1, 9: 3, 11: 12, 2: 1}","{'asset_gained': 29.6875, 'asset_reward': 0.0296875, 'production_start_reward': 0.05078125, 'production_active_reward': 0.0068359375, 'production_cancel_penalty': 0.0081640625, 'idle_cash_penalty': 0.0, 'power_deficit_penalty': 0.0, 'kill_gained': 0.0, 'kill_reward': 0.0, 'goal_aligned': 0.09086601307189542, 'goal_building_progress': 0.5714052287581699, 'goal_unit_progress': 0.01633986928104575, 'total': 0.16965169270833336, 'seeded_bootstrap': 1.0}"
39,0.141105,0.263869,0.992188,0.157526,0.193444,-0.282343,1.233153,1,256,31,0.790920,1,0.124698,0.173117,32,0.095703,"{0: 231, 11: 8, 3: 5, 5: 6, 1: 2, 10: 2, 9: 1, 2: 1}","{'asset_gained': 35.15625, 'asset_reward': 0.03515625, 'production_start_reward': 0.03706380208333333, 'production_active_reward': 0.0064062500000000005, 'production_cancel_penalty': 0.00626171875, 'idle_cash_penalty': 0.0, 'power_deficit_penalty': 0.0, 'kill_gained': 0.0, 'kill_reward': 0.0, 'goal_aligned': 0.06928149606299212, 'goal_building_progress': 0.45193569553805774, 'goal_unit_progress': 0.005774278215223098, 'total': 0.1411048177083333, 'seeded_bootstrap': 1.0}"
40,0.120077,0.331714,0.992188,0.113966,0.158252,-0.241202,1.289892,1,256,25,0.122141,1,0.124473,0.173117,32,0.088542,"{0: 235, 5: 6, 1: 2, 3: 2, 10: 1, 2: 2, 11: 8}","{'asset_gained': 48.2421875, 'asset_reward': 0.04824218749999999, 'production_start_reward': 0.031121093750000002, 'production_active_reward': 0.0062109374999999994, 'production_cancel_penalty': 0.0048945312500000004, 'idle_cash_penalty': 0.0, 'power_deficit_penalty': 0.0, 'kill_gained': 0.0, 'kill_reward': 0.0, 'goal_aligned': 0.039708005249343835, 'goal_building_progress': 0.4020669291338583, 'goal_unit_progress': 0.03116797900262467, 'total': 0.12007747395833335, 'seeded_bootstrap': 1.0}"
41,0.128283,0.224511,0.996094,0.114854,0.264109,-0.014331,1.055814,1,256,38,0.510732,1,0.124501,0.173117,32,0.103733,"{0: 221, 3: 5, 10: 3, 9: 2, 11: 11, 1: 3, 5: 9, 2: 2}","{'asset_gained': 32.2265625, 'asset_reward': 0.0322265625, 'production_start_reward': 0.04876302083333334, 'production_active_reward': 0.0072265624999999995, 'production_cancel_penalty': 0.008722656250000002, 'idle_cash_penalty': 0.0, 'power_deficit_penalty': 0.0, 'kill_gained': 0.0, 'kill_reward': 0.0, 'goal_aligned': 0.04898039215686274, 'goal_building_progress': 0.47882352941176476, 'goal_unit_progress': 0.010980392156862742, 'total': 0.12828255208333333, 'seeded_bootstrap': 1.0}"
42,0.082699,0.245548,0.992188,0.090480,0.108334,-0.291468,0.588228,1,256,17,0.160457,1,0.120515,0.173117,32,0.077474,"{0: 241, 11: 3, 1: 5, 5: 1, 3: 1, 2: 3, 10: 2}","{'asset_gained': 29.296875, 'asset_reward': 0.029296875, 'production_start_reward': 0.0234375, 'production_active_reward': 0.005703125, 'production_cancel_penalty': 0.0034140625, 'idle_cash_penalty': 0.0, 'power_deficit_penalty': 0.0, 'kill_gained': 0.0, 'kill_reward': 0.0, 'goal_aligned': 0.02789370078740158, 'goal_building_progress': 0.3836614173228347, 'goal_unit_progress': 0.00039370078740157485, 'total': 0.08269921875, 'seeded_bootstrap': 1.0}"
43,0.112008,0.327382,0.992188,0.049902,0.139107,0.401836,0.718264,1,256,19,0.111355,1,0.119575,0.173117,32,0.083116,"{0: 242, 3: 3, 5: 4, 10: 1, 1: 2, 2: 2, 9: 2}","{'asset_gained': 44.921875, 'asset_reward': 0.044921875, 'production_start_reward': 0.021484375, 'production_active_reward': 0.00486328125, 'production_cancel_penalty': 0.00265625, 'idle_cash_penalty': 0.0, 'power_deficit_penalty': 0.0, 'kill_gained': 0.0, 'kill_reward': 0.0, 'goal_aligned': 0.04373687664041995, 'goal_building_progress': 0.4159448818897638, 'goal_unit_progress': 0.021423884514435696, 'total': 0.11200846354166667, 'seeded_bootstrap': 1.0}"
44,0.103338,0.320885,0.992188,0.015261,0.091656,0.533003,1.080010,4,256,13,1.341964,0,0.119839,0.173117,32,0.072483,"{0: 247, 3: 1, 2: 4, 10: 1, 5: 1, 1: 2}","{'asset_gained': 41.796875, 'asset_reward': 0.041796875, 'production_start_reward': 0.013671875, 'production_active_reward': 0.0048242187499999995, 'production_cancel_penalty': 0.00153515625, 'idle_cash_penalty': 0.0, 'power_deficit_penalty': 0.0, 'kill_gained': 0.0, 'kill_reward': 0.0, 'goal_aligned': 0.04493110236220473, 'goal_building_progress': 0.4493110236220472, 'goal_unit_progress': 0.0, 'total': 0.103337890625, 'seeded_bootstrap': 1.0}"
45,0.155574,0.226305,0.996094,0.126966,0.195611,-0.217149,1.721453,1,256,32,0.201576,1,0.123749,0.173117,32,0.090712,"{0: 225, 1: 3, 3: 6, 9: 6, 11: 11, 5: 5}","{'asset_gained': 28.3203125, 'asset_reward': 0.0283203125, 'production_start_reward': 0.05078125, 'production_active_reward': 0.00693359375, 'production_cancel_penalty': 0.009015625000000001, 'idle_cash_penalty': 0.0, 'power_deficit_penalty': 0.0, 'kill_gained': 0.0, 'kill_reward': 0.0, 'goal_aligned': 0.0788627450980392, 'goal_building_progress': 0.545751633986928, 'goal_unit_progress': 0.022614379084967315, 'total': 0.15557421875000002, 'seeded_bootstrap': 1.0}"
46,0.146016,0.303154,0.992188,0.121357,0.165496,-0.000549,1.324256,1,256,26,1.331304,1,0.123959,0.173117,32,0.085286,"{0: 234, 3: 2, 11: 9, 1: 4, 9: 2, 2: 2, 10: 2, 5: 1}","{'asset_gained': 43.75, 'asset_reward': 0.04375, 'production_start_reward': 0.04044661458333333, 'production_active_reward': 0.0068359375, 'production_cancel_penalty': 0.0063515625000000004, 'idle_cash_penalty': 0.0, 'power_deficit_penalty': 0.0, 'kill_gained': 0.0, 'kill_reward': 0.0, 'goal_aligned': 0.06181758530183727, 'goal_building_progress': 0.4911417322834646, 'goal_unit_progress': 0.06797900262467192, 'total': 0.14601562499999998, 'seeded_bootstrap': 1.0}"
47,0.144686,0.319966,0.992188,0.010114,0.064802,-0.428534,1.551753,4,256,8,0.190045,0,0.126355,0.173117,32,0.067708,"{0: 249, 2: 2, 5: 2, 1: 3}","{'asset_gained': 41.40625, 'asset_reward': 0.04140625, 'production_start_reward': 0.01171875, 'production_active_reward': 0.004765625, 'production_cancel_penalty': 0.00153125, 'idle_cash_penalty': 0.0, 'power_deficit_penalty': 0.0, 'kill_gained': 0.0, 'kill_reward': 0.0, 'goal_aligned': 0.08902230971128608, 'goal_building_progress': 0.5226377952755905, 'goal_unit_progress': 0.05643044619422572, 'total': 0.14468619791666668, 'seeded_bootstrap': 1.0}"
48,0.130660,0.282532,0.996094,0.006296,0.056233,-0.208354,1.115602,4,256,7,0.086042,0,0.127868,0.173117,32,0.066189,"{0: 250, 2: 3, 3: 1, 5: 1, 1: 1}","{'asset_gained': 31.640625, 'asset_reward': 0.031640625, 'production_start_reward': 0.009765625, 'production_active_reward': 0.00478515625, 'production_cancel_penalty': 0.00153125, 'idle_cash_penalty': 0.0, 'power_deficit_penalty': 0.0, 'kill_gained': 0.0, 'kill_reward': 0.0, 'goal_aligned': 0.08633660130718954, 'goal_building_progress': 0.5397058823529413, 'goal_unit_progress': 0.03006535947712418, 'total': 0.13065950520833333, 'seeded_bootstrap': 1.0}"
49,0.134183,0.255314,0.992188,0.058617,0.162984,-0.275602,1.961512,1,256,25,0.126599,1,0.129917,0.173117,32,0.084418,"{0: 240, 2: 2, 1: 2, 3: 4, 9: 2, 10: 3, 11: 3}","{'asset_gained': 32.03125, 'asset_reward': 0.03203125, 'production_start_reward': 0.0292421875, 'production_active_reward': 0.006171875, 'production_cancel_penalty': 0.0044375000000000005, 'idle_cash_penalty': 0.0, 'power_deficit_penalty': 0.0, 'kill_gained': 0.0, 'kill_reward': 0.0, 'goal_aligned': 0.07173556430446194, 'goal_building_progress': 0.43717191601049865, 'goal_unit_progress': 0.0, 'total': 0.13418294270833334, 'seeded_bootstrap': 1.0}"
50,0.156121,0.323404,0.992188,0.013864,0.109383,-0.510505,1.860655,4,256,14,0.383962,0,0.129758,0.173117,32,0.076823,"{0: 245, 2: 4, 1: 4, 5: 2, 3: 1}","{'asset_gained': 43.75, 'asset_reward': 0.04375, 'production_start_reward': 0.015625, 'production_active_reward': 0.004609375, 'production_cancel_penalty': 0.0022968750000000003, 'idle_cash_penalty': 0.0, 'power_deficit_penalty': 0.0, 'kill_gained': 0.0, 'kill_reward': 0.0, 'goal_aligned': 0.09517716535433071, 'goal_building_progress': 0.5331364829396326, 'goal_unit_progress': 0.052493438320209966, 'total': 0.15612109375, 'seeded_bootstrap': 1.0}"
51,0.189896,0.293884,0.992188,0.129981,0.166032,1.373021,2.390474,1,256,24,3.033584,1,0.133388,0.189896,51,0.088542,"{0: 238, 5: 2, 9: 3, 3: 2, 11: 4, 10: 1, 2: 3, 1: 3}","{'asset_gained': 39.84375, 'asset_reward': 0.03984375, 'production_start_reward': 0.03125, 'production_active_reward': 0.0058203125, 'production_cancel_penalty': 0.0049023437500000005, 'idle_cash_penalty': 0.0, 'power_deficit_penalty': 0.0, 'kill_gained': 0.0, 'kill_reward': 0.0, 'goal_aligned': 0.11881233595800525, 'goal_building_progress': 0.5908792650918635, 'goal_unit_progress': 0.056430446194225714, 'total': 0.18989583333333335, 'seeded_bootstrap': 1.0}"
52,0.105942,0.203016,0.996094,0.188069,0.179210,0.017522,0.889022,1,256,26,0.759207,1,0.130029,0.189896,51,0.091146,"{0: 232, 1: 4, 5: 7, 3: 2, 6: 2, 9: 1, 11: 5, 10: 1, 2: 2}","{'asset_gained': 22.65625, 'asset_reward': 0.022656249999999996, 'production_start_reward': 0.029296875, 'production_active_reward': 0.00578125, 'production_cancel_penalty': 0.0048945312500000004, 'idle_cash_penalty': 0.0, 'power_deficit_penalty': 0.0, 'kill_gained': 0.0, 'kill_reward': 0.0, 'goal_aligned': 0.053310457516339865, 'goal_building_progress': 0.5191176470588236, 'goal_unit_progress': 0.013986928104575162, 'total': 0.10594205729166668, 'seeded_bootstrap': 1.0}"
53,0.091488,0.319473,0.992188,0.010496,0.077624,-0.667728,1.486608,4,256,10,0.358480,0,0.128747,0.189896,51,0.070747,"{0: 248, 5: 4, 1: 2, 2: 2}","{'asset_gained': 41.40625, 'asset_reward': 0.04140625, 'production_start_reward': 0.01171875, 'production_active_reward': 0.0047265625, 'production_cancel_penalty': 0.0015390625, 'idle_cash_penalty': 0.0, 'power_deficit_penalty': 0.0, 'kill_gained': 0.0, 'kill_reward': 0.0, 'goal_aligned': 0.035452755905511814, 'goal_building_progress': 0.3692913385826771, 'goal_unit_progress': 0.02066929133858268, 'total': 0.09148828125, 'seeded_bootstrap': 1.0}"
54,0.095451,0.318809,0.992188,0.021174,0.073098,-0.570411,1.713818,4,256,10,0.206889,0,0.128354,0.189896,51,0.070747,"{0: 249, 2: 3, 1: 3, 5: 1}","{'asset_gained': 41.40625, 'asset_reward': 0.04140625, 'production_start_reward': 0.01171875, 'production_active_reward': 0.0047265625, 'production_cancel_penalty': 0.00153125, 'idle_cash_penalty': 0.0, 'power_deficit_penalty': 0.0, 'kill_gained': 0.0, 'kill_reward': 0.0, 'goal_aligned': 0.03943897637795276, 'goal_building_progress': 0.4125, 'goal_unit_progress': 0.027559055118110232, 'total': 0.09545117187499999, 'seeded_bootstrap': 1.0}"
55,0.108670,0.214214,0.996094,0.064932,0.173969,0.674290,0.708269,1,256,27,0.330675,1,0.127211,0.189896,51,0.085720,"{0: 234, 1: 4, 5: 1, 3: 4, 9: 3, 10: 2, 6: 1, 8: 1, 2: 1, 11: 5}","{'asset_gained': 25.78125, 'asset_reward': 0.02578125, 'production_start_reward': 0.037109375, 'production_active_reward': 0.006484374999999999, 'production_cancel_penalty': 0.006027343750000001, 'idle_cash_penalty': 0.0, 'power_deficit_penalty': 0.0, 'kill_gained': 0.0, 'kill_reward': 0.0, 'goal_aligned': 0.04550000000000001, 'goal_building_progress': 0.44588235294117645, 'goal_unit_progress': 0.009117647058823527, 'total': 0.108669921875, 'seeded_bootstrap': 1.0}"
56,0.119259,0.291513,0.992188,0.048297,0.167227,-0.408948,1.386270,1,256,23,0.082946,1,0.127977,0.189896,51,0.088759,"{0: 241, 11: 2, 1: 5, 5: 3, 2: 3, 3: 1, 10: 1}","{'asset_gained': 36.71875, 'asset_reward': 0.036718749999999994, 'production_start_reward': 0.02147265625, 'production_active_reward': 0.005, 'production_cancel_penalty': 0.00302734375, 'idle_cash_penalty': 0.0, 'power_deficit_penalty': 0.0, 'kill_gained': 0.0, 'kill_reward': 0.0, 'goal_aligned': 0.059560367454068244, 'goal_building_progress': 0.5016404199475065, 'goal_unit_progress': 0.013779527559055118, 'total': 0.11925911458333335, 'seeded_bootstrap': 1.0}"
57,0.189008,0.256147,0.992188,0.060031,0.170699,-0.235856,1.832139,1,256,27,0.182979,1,0.131206,0.189896,51,0.087674,"{0: 234, 10: 4, 11: 5, 1: 5, 5: 4, 3: 3, 9: 1}","{'asset_gained': 36.5234375, 'asset_reward': 0.03652343749999999, 'production_start_reward': 0.03515625, 'production_active_reward': 0.006953125000000002, 'production_cancel_penalty': 0.00603125, 'idle_cash_penalty': 0.0, 'power_deficit_penalty': 0.0, 'kill_gained': 0.0, 'kill_reward': 0.0, 'goal_aligned': 0.11732283464566928, 'goal_building_progress': 0.5866141732283464, 'goal_unit_progress': 0.0, 'total': 0.18900781250000004, 'seeded_bootstrap': 1.0}"
58,0.133271,0.252653,0.996094,0.024836,0.146258,-0.113517,1.262883,4,256,20,0.124386,0,0.129387,0.189896,51,0.081380,"{2: 2, 0: 241, 3: 3, 1: 2, 5: 1, 9: 1, 10: 1, 11: 5}","{'asset_gained': 28.90625, 'asset_reward': 0.02890625, 'production_start_reward': 0.02734375, 'production_active_reward': 0.005917968749999999, 'production_cancel_penalty': 0.0041796875, 'idle_cash_penalty': 0.0, 'power_deficit_penalty': 0.0, 'kill_gained': 0.0, 'kill_reward': 0.0, 'goal_aligned': 0.07557843137254901, 'goal_building_progress': 0.555718954248366, 'goal_unit_progress': 0.03006535947712418, 'total': 0.133271484375, 'seeded_bootstrap': 1.0}"
59,0.154252,0.258391,0.992188,0.100963,0.161604,0.000616,1.521958,1,256,24,0.152509,1,0.130044,0.189896,51,0.088108,"{0: 237, 11: 5, 1: 7, 3: 2, 10: 2, 9: 1, 5: 1, 2: 1}","{'asset_gained': 33.59375, 'asset_reward': 0.03359375, 'production_start_reward': 0.033203125, 'production_active_reward': 0.005859375, 'production_cancel_penalty': 0.005308593750000001, 'idle_cash_penalty': 0.0, 'power_deficit_penalty': 0.0, 'kill_gained': 0.0, 'kill_reward': 0.0, 'goal_aligned': 0.08758858267716534, 'goal_building_progress': 0.5270669291338582, 'goal_unit_progress': 0.0, 'total': 0.15425195312500004, 'seeded_bootstrap': 1.0}"
60,0.145085,0.300440,0.992188,0.080040,0.206327,-0.314627,1.351333,1,256,29,0.618033,1,0.131294,0.189896,51,0.096788,"{0: 233, 3: 5, 1: 6, 10: 2, 11: 4, 6: 1, 5: 5}","{'asset_gained': 42.7734375, 'asset_reward': 0.0427734375, 'production_start_reward': 0.03125, 'production_active_reward': 0.005742187500000001, 'production_cancel_penalty': 0.0049609375, 'idle_cash_penalty': 0.0, 'power_deficit_penalty': 0.0, 'kill_gained': 0.0, 'kill_reward': 0.0, 'goal_aligned': 0.07083333333333333, 'goal_building_progress': 0.5534776902887139, 'goal_unit_progress': 0.053149606299212594, 'total': 0.14508463541666666, 'seeded_bootstrap': 1.0}"
61,0.193495,0.293339,0.992188,0.081219,0.137084,-0.120983,2.517980,1,256,22,0.746277,1,0.134555,0.193495,61,0.080295,"{9: 1, 0: 236, 10: 1, 1: 5, 11: 7, 5: 4, 3: 1, 2: 1}","{'asset_gained': 40.234375, 'asset_reward': 0.040234375, 'production_start_reward': 0.033203125, 'production_active_reward': 0.00623046875, 'production_cancel_penalty': 0.00526171875, 'idle_cash_penalty': 0.0, 'power_deficit_penalty': 0.0, 'kill_gained': 0.0, 'kill_reward': 0.0, 'goal_aligned': 0.1200262467191601, 'goal_building_progress': 0.6030183727034122, 'goal_unit_progress': 0.03018372703412073, 'total': 0.1934947916666667, 'seeded_bootstrap': 1.0}"
62,0.072785,0.234812,0.996094,0.066216,0.122700,-0.460486,0.570187,1,256,16,0.094270,1,0.134059,0.193495,61,0.079861,"{0: 246, 5: 3, 1: 5, 2: 2}","{'asset_gained': 24.21875, 'asset_reward': 0.024218749999999997, 'production_start_reward': 0.01171875, 'production_active_reward': 0.004589843749999999, 'production_cancel_penalty': 0.0019023437500000002, 'idle_cash_penalty': 0.0, 'power_deficit_penalty': 0.0, 'kill_gained': 0.0, 'kill_reward': 0.0, 'goal_aligned': 0.03429411764705884, 'goal_building_progress': 0.33607843137254906, 'goal_unit_progress': 0.006862745098039216, 'total': 0.07278515625000002, 'seeded_bootstrap': 1.0}"
63,0.111744,0.295593,0.992188,0.158937,0.151078,0.144388,1.226704,1,256,26,0.608483,1,0.134046,0.193495,61,0.086155,"{0: 235, 7: 1, 5: 3, 1: 3, 3: 1, 2: 2, 9: 2, 11: 6, 10: 1, 8: 1, 6: 1}","{'asset_gained': 39.84375, 'asset_reward': 0.03984375, 'production_start_reward': 0.03125, 'production_active_reward': 0.00625, 'production_cancel_penalty': 0.005238281250000001, 'idle_cash_penalty': 0.0, 'power_deficit_penalty': 0.0, 'kill_gained': 0.0, 'kill_reward': 0.0, 'goal_aligned': 0.03995078740157482, 'goal_building_progress': 0.4054133858267716, 'goal_unit_progress': 0.035629921259842524, 'total': 0.111744140625, 'seeded_bootstrap': 1.0}"
64,0.132098,0.319990,0.992188,0.016444,0.080111,-0.352895,1.759283,4,256,10,0.165013,0,0.135484,0.193495,61,0.070747,"{0: 249, 5: 1, 1: 4, 2: 2}","{'asset_gained': 41.40625, 'asset_reward': 0.04140625, 'production_start_reward': 0.01171875, 'production_active_reward': 0.0047265625, 'production_cancel_penalty': 0.00153125, 'idle_cash_penalty': 0.0, 'power_deficit_penalty': 0.0, 'kill_gained': 0.0, 'kill_reward': 0.0, 'goal_aligned': 0.0763746719160105, 'goal_building_progress': 0.47326115485564296, 'goal_unit_progress': 0.08267716535433071, 'total': 0.13209830729166666, 'seeded_bootstrap': 1.0}"
65,0.072278,0.235805,0.996094,0.010132,0.121145,-0.146057,0.583183,4,256,15,0.117770,0,0.131319,0.193495,61,0.078342,"{0: 245, 1: 4, 5: 4, 2: 3}","{'asset_gained': 25.390625, 'asset_reward': 0.025390625, 'production_start_reward': 0.01171875, 'production_active_reward': 0.0045703125, 'production_cancel_penalty': 0.0022890625000000003, 'idle_cash_penalty': 0.0, 'power_deficit_penalty': 0.0, 'kill_gained': 0.0, 'kill_reward': 0.0, 'goal_aligned': 0.033016339869281056, 'goal_building_progress': 0.4183333333333333, 'goal_unit_progress': 0.00130718954248366, 'total': 0.07227799479166666, 'seeded_bootstrap': 1.0}"
66,0.081619,0.277735,0.992188,0.021452,0.145683,-0.392155,1.013447,4,256,18,0.071571,0,0.128100,0.193495,61,0.082899,"{0: 245, 1: 2, 5: 6, 2: 3}","{'asset_gained': 31.640625, 'asset_reward': 0.031640625, 'production_start_reward': 0.009765625, 'production_active_reward': 0.004589843749999999, 'production_cancel_penalty': 0.0011445312500000001, 'idle_cash_penalty': 0.0, 'power_deficit_penalty': 0.0, 'kill_gained': 0.0, 'kill_reward': 0.0, 'goal_aligned': 0.03705708661417323, 'goal_building_progress': 0.3705708661417323, 'goal_unit_progress': 0.0, 'total': 0.081619140625, 'seeded_bootstrap': 1.0}"
67,0.119854,0.292444,0.992188,0.140748,0.149358,-0.356807,1.316521,1,256,22,0.247534,1,0.126858,0.193495,61,0.080946,"{0: 239, 5: 3, 1: 4, 3: 1, 2: 2, 10: 1, 9: 1, 11: 5}","{'asset_gained': 38.28125, 'asset_reward': 0.038281249999999996, 'production_start_reward': 0.02734375, 'production_active_reward': 0.0059570312500000005, 'production_cancel_penalty': 0.004136718750000001, 'idle_cash_penalty': 0.0, 'power_deficit_penalty': 0.0, 'kill_gained': 0.0, 'kill_reward': 0.0, 'goal_aligned': 0.052821522309711294, 'goal_building_progress': 0.4690944881889764, 'goal_unit_progress': 0.05912073490813648, 'total': 0.11985416666666665, 'seeded_bootstrap': 1.0}"
68,0.113000,0.291716,0.992188,0.081590,0.136554,-0.446075,1.332849,1,256,21,0.541816,1,0.125975,0.193495,61,0.080295,"{0: 236, 2: 2, 1: 4, 5: 3, 3: 1, 9: 1, 11: 7, 7: 1, 10: 1}","{'asset_gained': 38.28125, 'asset_reward': 0.03828125, 'production_start_reward': 0.029296875, 'production_active_reward': 0.0063671875, 'production_cancel_penalty': 0.0045000000000000005, 'idle_cash_penalty': 0.0, 'power_deficit_penalty': 0.0, 'kill_gained': 0.0, 'kill_reward': 0.0, 'goal_aligned': 0.04389763779527559, 'goal_building_progress': 0.41062992125984266, 'goal_unit_progress': 0.028346456692913382, 'total': 0.113, 'seeded_bootstrap': 1.0}"
69,0.091193,0.200677,0.996094,0.111639,0.166402,-0.378475,0.707833,1,256,28,0.083863,1,0.123826,0.193495,61,0.090278,"{0: 236, 5: 4, 1: 3, 3: 2, 2: 3, 10: 3, 11: 4, 9: 1}","{'asset_gained': 22.65625, 'asset_reward': 0.02265625, 'production_start_reward': 0.029296875, 'production_active_reward': 0.006445312499999999, 'production_cancel_penalty': 0.00451953125, 'idle_cash_penalty': 0.0, 'power_deficit_penalty': 0.0, 'kill_gained': 0.0, 'kill_reward': 0.0, 'goal_aligned': 0.037460784313725494, 'goal_building_progress': 0.45127450980392153, 'goal_unit_progress': 0.0, 'total': 0.09119335937500002, 'seeded_bootstrap': 1.0}"
70,0.144081,0.238471,0.992188,0.093526,0.176671,-0.259275,1.894572,1,256,25,0.225649,1,0.123224,0.193495,61,0.090929,"{0: 238, 10: 1, 11: 2, 1: 4, 5: 8, 2: 3}","{'asset_gained': 26.5625, 'asset_reward': 0.0265625, 'production_start_reward': 0.017578125, 'production_active_reward': 0.005136718750000001, 'production_cancel_penalty': 0.0026445312499999997, 'idle_cash_penalty': 0.0, 'power_deficit_penalty': 0.0, 'kill_gained': 0.0, 'kill_reward': 0.0, 'goal_aligned': 0.09821522309711284, 'goal_building_progress': 0.5406824146981628, 'goal_unit_progress': 0.0, 'total': 0.1440807291666667, 'seeded_bootstrap': 1.0}"
71,0.164024,0.320608,0.992188,0.019367,0.074063,-0.376490,1.380907,4,256,10,0.487161,0,0.121930,0.193495,61,0.070747,"{0: 247, 1: 6, 2: 3}","{'asset_gained': 42.578125, 'asset_reward': 0.042578124999999994, 'production_start_reward': 0.013671875, 'production_active_reward': 0.00470703125, 'production_cancel_penalty': 0.0019101562500000002, 'idle_cash_penalty': 0.0, 'power_deficit_penalty': 0.0, 'kill_gained': 0.0, 'kill_reward': 0.0, 'goal_aligned': 0.1058038057742782, 'goal_building_progress': 0.5316601049868764, 'goal_unit_progress': 0.10892388451443569, 'total': 0.16402408854166667, 'seeded_bootstrap': 1.0}"
72,0.075709,0.234956,0.996094,0.010425,0.097455,-0.559974,0.869645,4,256,12,0.075739,0,0.120418,0.193495,61,0.073785,"{0: 248, 1: 5, 2: 2, 5: 1}","{'asset_gained': 24.21875, 'asset_reward': 0.024218749999999997, 'production_start_reward': 0.01171875, 'production_active_reward': 0.0046484375, 'production_cancel_penalty': 0.0022890625000000003, 'idle_cash_penalty': 0.0, 'power_deficit_penalty': 0.0, 'kill_gained': 0.0, 'kill_reward': 0.0, 'goal_aligned': 0.03755882352941177, 'goal_building_progress': 0.4642156862745098, 'goal_unit_progress': 0.00196078431372549, 'total': 0.07570898437500001, 'seeded_bootstrap': 1.0}"
73,0.123949,0.280554,0.992188,0.014672,0.089351,-0.467925,1.330654,4,256,11,0.046114,0,0.122041,0.193495,61,0.072266,"{0: 248, 2: 3, 1: 2, 5: 3}","{'asset_gained': 32.8125, 'asset_reward': 0.032812499999999994, 'production_start_reward': 0.009765625, 'production_active_reward': 0.0046875, 'production_cancel_penalty': 0.0015234375, 'idle_cash_penalty': 0.0, 'power_deficit_penalty': 0.0, 'kill_gained': 0.0, 'kill_reward': 0.0, 'goal_aligned': 0.0788221784776903, 'goal_building_progress': 0.4706364829396325, 'goal_unit_progress': 0.06692913385826772, 'total': 0.12394856770833333, 'seeded_bootstrap': 1.0}"
74,0.131277,0.291658,0.992188,0.027197,0.196115,-0.397832,1.172621,4,256,26,0.276075,0,0.123833,0.193495,61,0.092231,"{0: 239, 2: 3, 1: 3, 5: 4, 3: 1, 9: 2, 10: 3, 11: 1}","{'asset_gained': 38.0859375, 'asset_reward': 0.0380859375, 'production_start_reward': 0.025390625, 'production_active_reward': 0.005742187500000001, 'production_cancel_penalty': 0.0037812500000000003, 'idle_cash_penalty': 0.0, 'power_deficit_penalty': 0.0, 'kill_gained': 0.0, 'kill_reward': 0.0, 'goal_aligned': 0.06635826771653543, 'goal_building_progress': 0.5390419947506563, 'goal_unit_progress': 0.053018372703412066, 'total': 0.13127734375, 'seeded_bootstrap': 1.0}"
75,0.157255,0.281786,0.996094,0.011436,0.069699,0.205449,1.234302,4,256,9,0.957987,0,0.126262,0.193495,61,0.069010,"{0: 249, 2: 3, 1: 1, 3: 2, 9: 1}","{'asset_gained': 32.421875, 'asset_reward': 0.032421875, 'production_start_reward': 0.01171875, 'production_active_reward': 0.0048828125, 'production_cancel_penalty': 0.0018984375000000002, 'idle_cash_penalty': 0.0, 'power_deficit_penalty': 0.0, 'kill_gained': 0.0, 'kill_reward': 0.0, 'goal_aligned': 0.11056209150326797, 'goal_building_progress': 0.5418300653594771, 'goal_unit_progress': 0.10980392156862745, 'total': 0.15725520833333334, 'seeded_bootstrap': 1.0}"
76,0.103728,0.278043,0.992188,0.012748,0.088199,-0.435570,0.594286,4,256,11,0.102938,0,0.125485,0.193495,61,0.072266,"{2: 4, 0: 249, 5: 1, 1: 2}","{'asset_gained': 31.640625, 'asset_reward': 0.031640625, 'production_start_reward': 0.009765625, 'production_active_reward': 0.0047265625, 'production_cancel_penalty': 0.0011484375000000002, 'idle_cash_penalty': 0.0, 'power_deficit_penalty': 0.0, 'total': 0.10372786458333336, 'seeded_bootstrap': 1.0, 'kill_gained': 0.0, 'kill_reward': 0.0, 'goal_aligned': 0.059206036745406816, 'goal_building_progress': 0.3778215223097113, 'goal_unit_progress': 0.02066929133858268}"
77,0.117297,0.298994,0.992188,0.042290,0.182889,-0.150229,1.274064,1,256,26,0.255566,1,0.121900,0.193495,61,0.089193,"{0: 240, 3: 4, 10: 6, 1: 2, 9: 1, 2: 2, 5: 1}","{'asset_gained': 41.40625, 'asset_reward': 0.04140625, 'production_start_reward': 0.029296875, 'production_active_reward': 0.0063671875, 'production_cancel_penalty': 0.004148437499999999, 'idle_cash_penalty': 0.0, 'power_deficit_penalty': 0.0, 'kill_gained': 0.0, 'kill_reward': 0.0, 'goal_aligned': 0.0447244094488189, 'goal_building_progress': 0.4051837270341207, 'goal_unit_progress': 0.056430446194225714, 'total': 0.11729687499999998, 'seeded_bootstrap': 1.0}"
78,0.133730,0.332557,0.992188,0.020997,0.169160,-0.243259,1.392093,4,256,24,0.211151,0,0.121923,0.193495,61,0.085720,"{0: 239, 2: 4, 1: 2, 3: 1, 5: 3, 9: 2, 10: 3, 11: 2}","{'asset_gained': 46.6796875, 'asset_reward': 0.046679687500000004, 'production_start_reward': 0.025390625, 'production_active_reward': 0.006230468749999999, 'production_cancel_penalty': 0.0037695312500000003, 'idle_cash_penalty': 0.0, 'power_deficit_penalty': 0.0, 'kill_gained': 0.0, 'kill_reward': 0.0, 'goal_aligned': 0.05966535433070866, 'goal_building_progress': 0.4946850393700788, 'goal_unit_progress': 0.10196850393700786, 'total': 0.13373046875, 'seeded_bootstrap': 1.0}"
79,0.078047,0.241812,0.996094,0.018364,0.143880,-0.513525,0.504211,4,256,21,0.290592,0,0.118112,0.193495,61,0.081814,"{0: 245, 2: 3, 5: 1, 1: 1, 3: 1, 10: 3, 9: 2}","{'asset_gained': 26.5625, 'asset_reward': 0.0265625, 'production_start_reward': 0.01953125, 'production_active_reward': 0.00578125, 'production_cancel_penalty': 0.0030273437500000005, 'idle_cash_penalty': 0.0, 'power_deficit_penalty': 0.0, 'kill_gained': 0.0, 'kill_reward': 0.0, 'goal_aligned': 0.029313725490196077, 'goal_building_progress': 0.34078431372549023, 'goal_unit_progress': 0.020588235294117647, 'total': 0.078046875, 'seeded_bootstrap': 1.0}"
80,0.122602,0.334059,0.992188,0.014782,0.170769,-0.133344,0.932740,4,256,25,0.140267,0,0.116988,0.193495,61,0.083767,"{0: 235, 10: 3, 3: 2, 5: 4, 1: 3, 2: 2, 9: 4, 11: 3}","{'asset_gained': 49.21875, 'asset_reward': 0.04921875, 'production_start_reward': 0.03317057291666667, 'production_active_reward': 0.0067578125, 'production_cancel_penalty': 0.005265625, 'idle_cash_penalty': 0.0, 'power_deficit_penalty': 0.0, 'kill_gained': 0.0, 'kill_reward': 0.0, 'goal_aligned': 0.03902559055118111, 'goal_building_progress': 0.37283464566929136, 'goal_unit_progress': 0.032381889763779516, 'total': 0.12260221354166666, 'seeded_bootstrap': 1.0}"
81,0.088924,0.318994,0.992188,0.010222,0.080848,-0.537202,0.938517,4,256,10,0.131152,0,0.111760,0.193495,61,0.070747,"{0: 248, 5: 3, 1: 2, 2: 3}","{'asset_gained': 41.40625, 'asset_reward': 0.04140625, 'production_start_reward': 0.01171875, 'production_active_reward': 0.0047265625, 'production_cancel_penalty': 0.00153125, 'idle_cash_penalty': 0.0, 'power_deficit_penalty': 0.0, 'kill_gained': 0.0, 'kill_reward': 0.0, 'goal_aligned': 0.03286089238845145, 'goal_building_progress': 0.362007874015748, 'goal_unit_progress': 0.04757217847769028, 'total': 0.08892447916666668, 'seeded_bootstrap': 1.0}"
82,0.081052,0.281481,0.996094,0.007396,0.068931,0.101421,0.320082,4,256,9,0.020970,0,0.112173,0.193495,61,0.068142,"{0: 249, 3: 2, 10: 1, 2: 3, 1: 1}","{'asset_gained': 32.03125, 'asset_reward': 0.03203125, 'production_start_reward': 0.01171875, 'production_active_reward': 0.00494140625, 'production_cancel_penalty': 0.0015390625, 'idle_cash_penalty': 0.0, 'power_deficit_penalty': 0.0, 'kill_gained': 0.0, 'kill_reward': 0.0, 'goal_aligned': 0.03403267973856208, 'goal_building_progress': 0.3738235294117647, 'goal_unit_progress': 0.04330065359477125, 'total': 0.08105208333333334, 'seeded_bootstrap': 1.0}"
83,0.120079,0.245896,0.992188,0.023565,0.175340,-0.326381,1.155348,4,256,25,0.826854,0,0.112590,0.193495,61,0.086155,"{0: 238, 2: 4, 1: 3, 3: 1, 10: 1, 11: 5, 9: 1, 5: 3}","{'asset_gained': 28.515625, 'asset_reward': 0.028515624999999996, 'production_start_reward': 0.025390625, 'production_active_reward': 0.00587890625, 'production_cancel_penalty': 0.0037460937500000003, 'idle_cash_penalty': 0.0, 'power_deficit_penalty': 0.0, 'kill_gained': 0.0, 'kill_reward': 0.0, 'goal_aligned': 0.06454396325459316, 'goal_building_progress': 0.4637795275590551, 'goal_unit_progress': 0.008694225721784776, 'total': 0.12007877604166668, 'seeded_bootstrap': 1.0}"
84,0.172849,0.326440,0.992188,0.017986,0.159580,0.418193,0.938718,4,256,20,0.361411,0,0.114627,0.193495,61,0.086806,"{0: 243, 3: 2, 5: 1, 10: 2, 1: 4, 2: 4}","{'asset_gained': 44.53125, 'asset_reward': 0.04453125, 'production_start_reward': 0.01953125, 'production_active_reward': 0.00470703125, 'production_cancel_penalty': 0.0023007812500000003, 'idle_cash_penalty': 0.0, 'power_deficit_penalty': 0.0, 'kill_gained': 0.0, 'kill_reward': 0.0, 'goal_aligned': 0.10721784776902887, 'goal_building_progress': 0.5255905511811023, 'goal_unit_progress': 0.10498687664041993, 'total': 0.17284895833333336, 'seeded_bootstrap': 1.0}"
85,0.122062,0.319960,0.992188,0.016215,0.108281,-0.397038,0.883519,4,256,14,0.127212,0,0.117117,0.193495,61,0.076823,"{0: 247, 2: 3, 1: 3, 5: 2, 3: 1}","{'asset_gained': 41.40625, 'asset_reward': 0.04140625, 'production_start_reward': 0.01171875, 'production_active_reward': 0.0046484375, 'production_cancel_penalty': 0.00153125, 'idle_cash_penalty': 0.0, 'power_deficit_penalty': 0.0, 'kill_gained': 0.0, 'kill_reward': 0.0, 'goal_aligned': 0.06633858267716534, 'goal_building_progress': 0.41699475065616803, 'goal_unit_progress': 0.07316272965879264, 'total': 0.12206249999999999, 'seeded_bootstrap': 1.0}"
86,0.079520,0.235136,0.996094,0.009397,0.056436,-0.546675,0.487208,4,256,7,0.102997,0,0.117012,0.193495,61,0.066189,"{0: 249, 2: 4, 1: 3}","{'asset_gained': 24.21875, 'asset_reward': 0.024218749999999997, 'production_start_reward': 0.01171875, 'production_active_reward': 0.004765625, 'production_cancel_penalty': 0.0019062500000000002, 'idle_cash_penalty': 0.0, 'power_deficit_penalty': 0.0, 'kill_gained': 0.0, 'kill_reward': 0.0, 'goal_aligned': 0.040882352941176474, 'goal_building_progress': 0.40882352941176464, 'goal_unit_progress': 0.0, 'total': 0.07951953125, 'seeded_bootstrap': 1.0}"
87,0.093557,0.318970,0.992188,0.012222,0.071624,-0.860104,0.564589,4,256,9,0.497154,0,0.115697,0.193495,61,0.069227,"{0: 249, 2: 3, 1: 2, 5: 2}","{'asset_gained': 41.40625, 'asset_reward': 0.04140625, 'production_start_reward': 0.01171875, 'production_active_reward': 0.0047460937499999994, 'production_cancel_penalty': 0.00153125, 'idle_cash_penalty': 0.0, 'power_deficit_penalty': 0.0, 'kill_gained': 0.0, 'kill_reward': 0.0, 'goal_aligned': 0.037509842519685054, 'goal_building_progress': 0.34261811023622046, 'goal_unit_progress': 0.03248031496062992, 'total': 0.09355664062499999, 'seeded_bootstrap': 1.0}"
88,0.135564,0.331022,0.992188,0.027157,0.146948,-0.230911,1.169445,4,256,21,0.686620,0,0.116825,0.193495,61,0.082465,"{0: 240, 2: 2, 1: 4, 5: 3, 3: 1, 10: 5, 11: 1}","{'asset_gained': 48.2421875, 'asset_reward': 0.048242187500000006, 'production_start_reward': 0.025233072916666665, 'production_active_reward': 0.00630859375, 'production_cancel_penalty': 0.0038125, 'idle_cash_penalty': 0.0, 'power_deficit_penalty': 0.0, 'kill_gained': 0.0, 'kill_reward': 0.0, 'goal_aligned': 0.06006233595800526, 'goal_building_progress': 0.49301181102362196, 'goal_unit_progress': 0.10761154855643043, 'total': 0.13556445312499998, 'seeded_bootstrap': 1.0}"
89,0.136350,0.250674,0.996094,0.024035,0.153558,0.029633,0.803963,4,256,22,0.233811,0,0.119083,0.193495,61,0.083550,"{0: 240, 3: 2, 11: 3, 10: 3, 1: 3, 5: 2, 2: 3}","{'asset_gained': 32.03125, 'asset_reward': 0.03203125, 'production_start_reward': 0.025390625, 'production_active_reward': 0.005898437499999999, 'production_cancel_penalty': 0.00453515625, 'idle_cash_penalty': 0.0, 'power_deficit_penalty': 0.0, 'kill_gained': 0.0, 'kill_reward': 0.0, 'goal_aligned': 0.07786928104575162, 'goal_building_progress': 0.5094117647058822, 'goal_unit_progress': 0.0326797385620915, 'total': 0.13635026041666667, 'seeded_bootstrap': 1.0}"
90,0.090355,0.277784,0.992188,0.012462,0.087320,-0.466239,0.972296,4,256,11,0.117717,0,0.116397,0.193495,61,0.072266,"{0: 248, 2: 5, 5: 1, 1: 2}","{'asset_gained': 31.640625, 'asset_reward': 0.031640625, 'production_start_reward': 0.009765625, 'production_active_reward': 0.0047265625, 'production_cancel_penalty': 0.0011484375000000002, 'idle_cash_penalty': 0.0, 'power_deficit_penalty': 0.0, 'kill_gained': 0.0, 'kill_reward': 0.0, 'goal_aligned': 0.045728346456692916, 'goal_building_progress': 0.4110892388451443, 'goal_unit_progress': 0.02099737532808399, 'total': 0.09035546875, 'seeded_bootstrap': 1.0}"
91,0.150573,0.322469,0.992188,0.072681,0.156182,0.267550,1.033766,1,256,22,1.174822,1,0.115724,0.193495,61,0.090061,"{0: 242, 3: 1, 1: 3, 9: 1, 2: 5, 5: 3, 7: 1}","{'asset_gained': 42.96875, 'asset_reward': 0.04296875, 'production_start_reward': 0.015625, 'production_active_reward': 0.004609375, 'production_cancel_penalty': 0.0019140625000000002, 'idle_cash_penalty': 0.0, 'power_deficit_penalty': 0.0, 'kill_gained': 0.0, 'kill_reward': 0.0, 'goal_aligned': 0.08998687664041993, 'goal_building_progress': 0.5150918635170603, 'goal_unit_progress': 0.04724409448818897, 'total': 0.15057291666666667, 'seeded_bootstrap': 1.0}"
92,0.127605,0.317877,0.992188,0.011864,0.064961,-0.437494,0.956341,4,256,8,0.040479,0,0.118319,0.193495,61,0.067708,"{0: 249, 2: 3, 5: 2, 1: 2}","{'asset_gained': 41.40625, 'asset_reward': 0.04140625, 'production_start_reward': 0.009765625, 'production_active_reward': 0.0047460937499999994, 'production_cancel_penalty': 0.00153515625, 'idle_cash_penalty': 0.0, 'power_deficit_penalty': 0.0, 'kill_gained': 0.0, 'kill_reward': 0.0, 'goal_aligned': 0.07379921259842519, 'goal_building_progress': 0.4950787401574804, 'goal_unit_progress': 0.055118110236220465, 'total': 0.12760546875, 'seeded_bootstrap': 1.0}"
93,0.060704,0.232174,0.996094,0.018445,0.136241,-0.420787,0.522966,4,256,17,0.094898,0,0.115157,0.193495,61,0.081380,"{2: 7, 0: 240, 5: 7, 1: 2}","{'asset_gained': 21.875, 'asset_reward': 0.021875, 'production_start_reward': 0.009765625, 'production_active_reward': 0.00462890625, 'production_cancel_penalty': 0.0011484375000000002, 'idle_cash_penalty': 0.0, 'power_deficit_penalty': 0.0, 'kill_gained': 0.0, 'kill_reward': 0.0, 'goal_aligned': 0.02568300653594771, 'goal_building_progress': 0.3700980392156863, 'goal_unit_progress': 0.024836601307189538, 'total': 0.06070377604166666, 'seeded_bootstrap': 1.0}"
94,0.094195,0.318815,0.992188,0.019169,0.120188,-0.447643,0.713207,4,256,15,0.065081,0,0.113302,0.193495,61,0.078342,"{0: 243, 2: 8, 5: 3, 1: 2}","{'asset_gained': 41.40625, 'asset_reward': 0.04140625, 'production_start_reward': 0.01171875, 'production_active_reward': 0.00462890625, 'production_cancel_penalty': 0.00153125, 'idle_cash_penalty': 0.0, 'power_deficit_penalty': 0.0, 'kill_gained': 0.0, 'kill_reward': 0.0, 'goal_aligned': 0.038270997375328075, 'goal_building_progress': 0.41289370078740156, 'goal_unit_progress': 0.02427821522309711, 'total': 0.09419466145833333, 'seeded_bootstrap': 1.0}"
95,0.092302,0.320787,0.992188,0.018359,0.087876,-0.541573,0.394227,4,256,11,0.089596,0,0.110055,0.193495,61,0.072917,"{0: 245, 3: 1, 10: 1, 2: 5, 1: 3, 5: 1}","{'asset_gained': 41.796875, 'asset_reward': 0.041796875, 'production_start_reward': 0.013671875, 'production_active_reward': 0.00478515625, 'production_cancel_penalty': 0.0015390625, 'idle_cash_penalty': 0.0, 'power_deficit_penalty': 0.0, 'kill_gained': 0.0, 'kill_reward': 0.0, 'goal_aligned': 0.033851706036745415, 'goal_building_progress': 0.34891732283464566, 'goal_unit_progress': 0.04543963254593176, 'total': 0.09230208333333334, 'seeded_bootstrap': 1.0}"
96,0.086777,0.288994,0.996094,0.030836,0.153187,-0.259333,0.423646,1,256,23,0.148873,1,0.109207,0.193495,61,0.081380,"{0: 242, 3: 1, 2: 5, 10: 5, 5: 2, 1: 1}","{'asset_gained': 37.890625, 'asset_reward': 0.037890625, 'production_start_reward': 0.021484375, 'production_active_reward': 0.00626953125, 'production_cancel_penalty': 0.0034375000000000005, 'idle_cash_penalty': 0.0, 'power_deficit_penalty': 0.0, 'kill_gained': 0.0, 'kill_reward': 0.0, 'goal_aligned': 0.024666666666666663, 'goal_building_progress': 0.37450980392156863, 'goal_unit_progress': 0.015686274509803918, 'total': 0.08677734374999999, 'seeded_bootstrap': 1.0}"
97,0.135683,0.284007,0.992188,0.024898,0.107126,-0.236153,1.136475,4,256,14,0.146324,0,0.110127,0.193495,61,0.076823,"{0: 242, 2: 6, 5: 5, 1: 3}","{'asset_gained': 32.8125, 'asset_reward': 0.0328125, 'production_start_reward': 0.01171875, 'production_active_reward': 0.0046484375, 'production_cancel_penalty': 0.00152734375, 'idle_cash_penalty': 0.0, 'power_deficit_penalty': 0.0, 'kill_gained': 0.0, 'kill_reward': 0.0, 'goal_aligned': 0.0887237532808399, 'goal_building_progress': 0.5175524934383202, 'goal_unit_progress': 0.04068241469816272, 'total': 0.13568294270833334, 'seeded_bootstrap': 1.0}"
98,0.140895,0.323625,0.992188,0.032147,0.095605,0.021117,0.722804,1,256,12,0.139486,1,0.110485,0.193495,61,0.074436,"{0: 245, 2: 4, 5: 2, 1: 3, 3: 1, 11: 1}","{'asset_gained': 42.96875, 'asset_reward': 0.04296875, 'production_start_reward': 0.015625, 'production_active_reward': 0.00482421875, 'production_cancel_penalty': 0.0019179687500000002, 'idle_cash_penalty': 0.0, 'power_deficit_penalty': 0.0, 'kill_gained': 0.0, 'kill_reward': 0.0, 'goal_aligned': 0.08001968503937007, 'goal_building_progress': 0.48300524934383204, 'goal_unit_progress': 0.05380577427821522, 'total': 0.14089453125, 'seeded_bootstrap': 1.0}"
99,0.088387,0.283103,0.996094,0.020444,0.112529,0.066196,0.250034,4,256,14,0.101641,0,0.111002,0.193495,61,0.076823,"{0: 245, 1: 3, 2: 5, 5: 2, 7: 1}","{'asset_gained': 33.984375, 'asset_reward': 0.033984375, 'production_start_reward': 0.013671875, 'production_active_reward': 0.004609375, 'production_cancel_penalty': 0.0022968750000000003, 'idle_cash_penalty': 0.0, 'power_deficit_penalty': 0.0, 'kill_gained': 0.0, 'kill_reward': 0.0, 'goal_aligned': 0.0385686274509804, 'goal_building_progress': 0.3788235294117647, 'goal_unit_progress': 0.006862745098039216, 'total': 0.08838671875000001, 'seeded_bootstrap': 1.0}"
100,0.071710,0.277970,0.992188,0.050259,0.095819,-0.436760,0.572678,1,256,13,0.136511,1,0.108457,0.193495,61,0.075304,"{0: 245, 2: 9, 1: 2}","{'asset_gained': 31.640625, 'asset_reward': 0.031640625, 'production_start_reward': 0.009765625, 'production_active_reward': 0.0046875, 'production_cancel_penalty': 0.0011445312500000001, 'idle_cash_penalty': 0.0, 'power_deficit_penalty': 0.0, 'kill_gained': 0.0, 'kill_reward': 0.0, 'goal_aligned': 0.026971784776902888, 'goal_building_progress': 0.37549212598425197, 'goal_unit_progress': 0.029199475065616796, 'total': 0.07171028645833333, 'seeded_bootstrap': 1.0}"
